{
    "name": "Template",
    "contributions": {
        "function(str) {\n  if (0 === arguments.length) return this._name;\n  this._name = str;\n  return this;\n}": {
            "type": "connector",
            "imports": [
                {
                    "@angular/common": [
                        "CommonModule"
                    ]
                },
                {
                    "@angular/http": [
                        "HttpModule"
                    ]
                }
            ],
            "services": [
                {
                    "WiServiceContribution": {
                        "type": "handler",
                        "sample": false
                    }
                }
            ]
        },
        "connection": {
            "name": "connection",
            "type": "connector",
            "imports": [
                {
                    "@angular/common": [
                        "CommonModule"
                    ]
                },
                {
                    "@angular/http": [
                        "HttpModule"
                    ]
                }
            ],
            "services": [
                {
                    "WiServiceContribution": {
                        "name": "connection",
                        "type": "handler",
                        "sample": false
                    }
                }
            ]
        },
        "act1": {
            "name": "act1",
            "type": "trigger",
            "imports": [
                {
                    "@angular/common": [
                        "CommonModule"
                    ]
                },
                {
                    "@angular/http": [
                        "HttpModule"
                    ]
                }
            ],
            "services": [
                {
                    "WiServiceContribution": {
                        "name": "act1",
                        "type": "handler",
                        "sample": false
                    }
                }
            ]
        },
        "trigger1": {
            "name": "trigger1",
            "type": "trigger",
            "imports": [
                {
                    "@angular/common": [
                        "CommonModule"
                    ]
                },
                {
                    "@angular/http": [
                        "HttpModule"
                    ]
                }
            ],
            "services": [
                {
                    "WiServiceContribution": {
                        "name": "trigger1",
                        "type": "handler",
                        "sample": false
                    }
                }
            ]
        },
        "act2": {
            "name": "act2",
            "type": "activity",
            "imports": [
                {
                    "@angular/common": [
                        "CommonModule"
                    ]
                },
                {
                    "@angular/http": [
                        "HttpModule"
                    ]
                }
            ],
            "services": [
                {
                    "WiServiceContribution": {
                        "name": "act2",
                        "type": "handler",
                        "sample": false
                    }
                }
            ]
        }
    }
}
