
{
    "name": "connection",
    "version": "1.0.0",
    "type": "flogo:connector",
    "title": "connection",
    "display": {
        "category": "Template",
        "description": "AWS Connection",
        "visible": true,
        "smallIcon": "icons/ic-flogo-aws-connector.png",
        "largeIcon": "icons/ic-flogo-aws-connector@2x.png",
        "connectionsupport": true
    },
    "ref": "github.com/tibco/Template/connector/connection",
    "settings": [
        {
            "name": "name",
            "type": "string",
            "required": true,
            "display": {
                "name": "Name",
                "visible": true
            }
        },
        {
            "name": "description",
            "type": "string",
            "required": false,
            "display": {
                "name": "Description",
                "visible": true
            }
        },
        {
            "name": "connProperty1",
            "type": "string",
            "required": false,
            "display": {
                "name": "This First Field",
                "description": "This is first connection field",
                "appPropertySupport": true,
                "visible": true
            },
            "value": "Default value"
        }
    ],
    "actions": [{
        "name": "Save Connector"
    }]
}
