
{
    "name": "act1",
    "version": "1.0.0",
    "type": "flogo:activity",
    "title": "Template Activity",
    "display": {
        "category": "Template"
    },
    "ref": "github.com/tibco/Template/src/app/Template/activity/act1",
    "settings": [
        {
            "name": "settingProperty1",
            "type": "string",
            "description": "The settingProperty1",
            "display": {
                "description": "settingProperty1 field",
                "name": "Setting Property",
                "appPropertySupport": true
            }
        }
    ],
    "inputs": [
        {
            "name": "inputProperty1",
            "type": "string",
            "description": "The inputProperty1"
        }
    ],
    "outputs": [
        {
            "name": "outputProperty1",
            "type": "string",
            "description": "The outputProperty1"
        }
    ]
}
