
{
    "name": "trigger1",
    "version": "1.0.0",
    "type": "flogo:trigger",
    "title": "Template-Trigger",
    "display": {
        "description": "Simple Trigger",
        "uploadField": "swagger",
        "category": "Template",
        "visible": true,
        "smallIcon": "icons/ic-tibco-wi-rest.svg",
        "largeIcon": "icons/ic-tibco-wi-rest@2x.png",
        "wizard": [
            "Step 1"
        ]
    },
    "ref": "github.com/tibco/Template/src/app/Template/trigger/trigger1",
    "handler": {
        "settings": [
            {
                "name": "handleField1",
                "type": "string",
                "description": "The handleField1",
                "display": {
                    "description": "handleField1 field",
                    "name": "Handler Property1",
                    "appPropertySupport": true
                }
            },
            {
                "name": "handleField2",
                "type": "string",
                "description": "The handleField2",
                "display": {
                    "description": "handleField2 field",
                    "name": "Handler Property2",
                    "appPropertySupport": true
                },
                "wizard": {
                    "step":"Step 1"
                }
            }
        ]
    },
    "settings": [
        {
            "name": "connection",
            "type": "connection",
            "description": "The connection field",
            "display": {
                "description": "Connection",
                "name": "Please select a connection",
                "type": "connection"
            },
            "wizard": {
                "type": "dropdown",
                "selection": "single",
                "step": "Step 1"
            },
            "allowed": []
        },
        {
            "name": "settingField1",
            "type": "string",
            "description": "The field1",
            "display": {
                "description": "Setting Property",
                "name": "Handler Field2",
                "appPropertySupport": true
            }
        }
    ],
    "outputs": [
        {
            "name": "outputField1",
            "type": "string",
            "description": "The outputField1"
        },
        {
            "name": "outputField2",
            "type": "object",
            "description": "The outputField2"
        }
    ],
    "actions": [
        {
            "name": "Finish"
        }
    ]
}
