
{
    "name": "act2",
    "version": "1.0.0",
    "type": "flogo:activity",
    "title": "act2",
    "display": {
        "category": "Template"
    },
    "ref": "github.com/tibco/Template/activity/act2",
    "settings": [
        {
            "name": "settingProperty1",
            "type": "string",
            "description": "The settingProperty1"
        }
    ],
    "inputs": [
        {
            "name": "inputProperty1",
            "type": "string",
            "description": "The inputProperty1"
        }
    ],
    "outputs": [
        {
            "name": "outputProperty1",
            "type": "string",
            "description": "The outputProperty1"
        }
    ]
}
