{
    "imports": [
        "github.com/project-flogo/flow",
        "git.tibco.com/git/product/ipaas/wi-contrib.git/contributions/General/activity/log",
        "git.tibco.com/git/product/ipaas/wi-contrib.git/contributions/General/activity/shareddata",
        "github.com/project-flogo/contrib/activity/actreturn",
        "git.tibco.com/git/product/ipaas/wi-contrib.git/contributions/General/activity/rest",
        "git.tibco.com/git/product/ipaas/wi-contrib.git/contributions/General/activity/mapper",
        "github.com/project-flogo/flow/activity/subflow",
        "git.tibco.com/git/product/ipaas/wi-contrib.git/contributions/General/trigger/timer",
        "rest_1 git.tibco.com/git/product/ipaas/wi-contrib.git/contributions/General/trigger/rest",
        "github.com/project-flogo/contrib/function/string",
        "github.com/project-flogo/contrib/function/array",
        "git.tibco.com/git/product/ipaas/wi-contrib.git/function/boolean",
        "github.com/project-flogo/contrib/function/datetime",
        "github.com/project-flogo/contrib/function/coerce"
    ],
    "name": "ApplicationWatcher_AutoScale",
    "description": "Application to monitor set of apps and auto scale them on % CPU usage",
    "version": "1.0.0",
    "type": "flogo:app",
    "appModel": "1.1.1",
    "tags": [
        "tci-mon-solution"
    ],
    "triggers": [
        {
            "ref": "#timer",
            "name": "tibco-wi-timer",
            "description": "Simple Timer trigger",
            "settings": {},
            "id": "TimerTrigger",
            "handlers": [
                {
                    "description": "This will monitor the app cpu metrics and it will scale-up (max 3 instances) if beyond 70% and scaledown if less than 40% (more than 1 active instance)",
                    "settings": {
                        "Repeating": true,
                        "Start Date": "",
                        "Time Interval": 2,
                        "Interval Unit": "Minute"
                    },
                    "action": {
                        "ref": "github.com/project-flogo/flow",
                        "settings": {
                            "flowURI": "res://flow:Monitor_appsForCPU"
                        }
                    },
                    "name": "Monitor_appsForCPU"
                }
            ]
        },
        {
            "ref": "#rest_1",
            "name": "tibco-wi-rest",
            "description": "This is an application watcher API used TIBCO Cloud Integration platfirm API to implement monitoring related usecases",
            "settings": {
                "port": 9999,
                "APISpecUpdate": false,
                "swagger": "",
                "swaggerVersion": "v2",
                "secureConnection": false,
                "serverKey": "",
                "caCertificate": ""
            },
            "id": "ApplicationWatcher_Data_Ingest",
            "handlers": [
                {
                    "description": "This API will allow users to send the apps that they want to auto-scale based on CPU utilisation",
                    "settings": {
                        "Method": "POST",
                        "reqType": "application/json",
                        "Path": "/apps",
                        "OutputValidation": false
                    },
                    "action": {
                        "ref": "github.com/project-flogo/flow",
                        "settings": {
                            "flowURI": "res://flow:Set_AppsForAutoScaling"
                        },
                        "input": {
                            "queryParams": "=$.queryParams"
                        },
                        "output": {
                            "code": "=$.code",
                            "data": "=$.data"
                        }
                    },
                    "reply": {
                        "code": 200,
                        "configureResponseCodes": false,
                        "message": {}
                    },
                    "schemas": {
                        "reply": {
                            "data": {
                                "type": "json",
                                "value": "{\"$schema\":\"http://json-schema.org/draft-04/schema#\",\"type\":\"object\",\"properties\":{\"message\":{\"type\":\"string\"}}}",
                                "fe_metadata": "{\n    \"message\":\"\"\n}"
                            },
                            "responseBody": {
                                "type": "json",
                                "value": "{\"type\":\"object\",\"properties\":{\"body\":{\"type\":\"any\"},\"headers\":{\"type\":\"object\"}}}",
                                "fe_metadata": "{\"type\":\"object\",\"properties\":{\"body\":{\"type\":\"any\"},\"headers\":{\"type\":\"object\"}}}"
                            }
                        },
                        "output": {
                            "queryParams": {
                                "type": "json",
                                "value": "{\"type\":\"object\",\"properties\":{\"appId\":{\"type\":\"array\",\"items\":{\"type\":\"string\"}}},\"required\":[\"appId\"]}",
                                "fe_metadata": "[{\"parameterName\":\"appId\",\"type\":\"string\",\"repeating\":\"true\",\"required\":\"true\"}]"
                            },
                            "headers": {
                                "type": "json",
                                "value": "{\"type\":\"object\",\"properties\":{\"Accept\":{\"type\":\"string\",\"visible\":false},\"Accept-Charset\":{\"type\":\"string\",\"visible\":false},\"Accept-Encoding\":{\"type\":\"string\",\"visible\":false},\"Content-Type\":{\"type\":\"string\",\"visible\":false},\"Content-Length\":{\"type\":\"string\",\"visible\":false},\"Connection\":{\"type\":\"string\",\"visible\":false},\"Cookie\":{\"type\":\"string\",\"visible\":false},\"Pragma\":{\"type\":\"string\",\"visible\":false}},\"required\":[]}",
                                "fe_metadata": "[{\"parameterName\":\"Accept\",\"type\":\"string\",\"repeating\":\"false\",\"required\":\"false\",\"visible\":false},{\"parameterName\":\"Accept-Charset\",\"type\":\"string\",\"repeating\":\"false\",\"required\":\"false\",\"visible\":false},{\"parameterName\":\"Accept-Encoding\",\"type\":\"string\",\"repeating\":\"false\",\"required\":\"false\",\"visible\":false},{\"parameterName\":\"Content-Type\",\"type\":\"string\",\"repeating\":\"false\",\"required\":\"false\",\"visible\":false},{\"parameterName\":\"Content-Length\",\"type\":\"string\",\"repeating\":\"false\",\"required\":\"false\",\"visible\":false},{\"parameterName\":\"Connection\",\"type\":\"string\",\"repeating\":\"false\",\"required\":\"false\",\"visible\":false},{\"parameterName\":\"Cookie\",\"type\":\"string\",\"repeating\":\"false\",\"required\":\"false\",\"visible\":false},{\"parameterName\":\"Pragma\",\"type\":\"string\",\"repeating\":\"false\",\"required\":\"false\",\"visible\":false}]"
                            }
                        }
                    },
                    "name": "Set_AppsForAutoScaling"
                }
            ]
        }
    ],
    "resources": [
        {
            "id": "flow:Set_AppsForAutoScaling",
            "data": {
                "name": "Set_AppsForAutoScaling",
                "description": "This API will allow users to send the apps that they want to auto-scale based on CPU utilisation",
                "links": [
                    {
                        "id": 1,
                        "from": "Log_AppIdsToMon",
                        "to": "set_AppsToMon",
                        "type": "default"
                    },
                    {
                        "id": 2,
                        "from": "set_AppsToMon",
                        "to": "Return",
                        "type": "default"
                    }
                ],
                "tasks": [
                    {
                        "id": "Log_AppIdsToMon",
                        "name": "Log_AppIdsToMon",
                        "description": "Simple Log Message Activity",
                        "activity": {
                            "ref": "#log",
                            "input": {
                                "Log Level": "INFO",
                                "flowInfo": false,
                                "message": "=string.concat(\"##### APPIds received for monitoring : \", string.tostring($flow.queryParams))"
                            }
                        }
                    },
                    {
                        "id": "set_AppsToMon",
                        "name": "set_AppsToMon",
                        "description": "Enable sharing of data within or across flows in the application",
                        "activity": {
                            "ref": "#shareddata",
                            "settings": {
                                "scope": "Application",
                                "operation": "SET",
                                "type": "object",
                                "objectSchema": "{\n    \"apps\":[]\n    \n}"
                            },
                            "input": {
                                "key": "apps-to-monitor",
                                "input": {
                                    "mapping": {
                                        "data": {
                                            "apps": {
                                                "@foreach($flow.queryParams.appId,apps)": {
                                                    "=": "$loop"
                                                }
                                            }
                                        }
                                    }
                                }
                            },
                            "schemas": {
                                "input": {
                                    "input": {
                                        "type": "json",
                                        "value": "{\"$schema\":\"http://json-schema.org/draft-04/schema#\",\"type\":\"object\",\"properties\":{\"data\":{\"type\":\"object\",\"properties\":{\"apps\":{\"type\":\"array\",\"items\":{}}}}}}",
                                        "fe_metadata": "{\"data\":{\n    \"apps\":[]\n    \n}}"
                                    }
                                },
                                "output": {
                                    "output": {
                                        "type": "json",
                                        "value": "{\"$schema\":\"http://json-schema.org/draft-07/schema#\",\"type\":\"object\",\"properties\":{\"exist\":{\"type\":\"boolean\"},\"data\":{\"type\":\"string\"}}}",
                                        "fe_metadata": "{\"$schema\":\"http://json-schema.org/draft-07/schema#\",\"type\":\"object\",\"properties\":{\"exist\":{\"type\":\"boolean\"},\"data\":{\"type\":\"string\"}}}"
                                    }
                                },
                                "settings": {
                                    "objectSchema": {
                                        "type": "json",
                                        "value": "{\"$schema\":\"http://json-schema.org/draft-04/schema#\",\"type\":\"object\",\"properties\":{\"apps\":{\"type\":\"array\",\"items\":{}}}}",
                                        "fe_metadata": "{\n    \"apps\":[]\n    \n}"
                                    }
                                }
                            }
                        }
                    },
                    {
                        "id": "Return",
                        "name": "Return",
                        "description": "Simple Return Activity",
                        "activity": {
                            "ref": "#actreturn",
                            "settings": {
                                "mappings": {
                                    "code": 200,
                                    "data": {
                                        "mapping": {
                                            "message": "=string.concat(string.tostring($flow.queryParams), \" received to monitor!!!\")"
                                        }
                                    }
                                }
                            }
                        }
                    }
                ],
                "metadata": {
                    "input": [
                        {
                            "name": "queryParams",
                            "type": "object",
                            "schema": {
                                "type": "json",
                                "value": "{\"appId\":{\"type\":\"array\",\"items\":{\"type\":\"string\"}}}"
                            }
                        },
                        {
                            "name": "headers",
                            "type": "object",
                            "schema": {
                                "type": "json",
                                "value": "{\"Accept\":{\"type\":\"string\",\"visible\":false},\"Accept-Charset\":{\"type\":\"string\",\"visible\":false},\"Accept-Encoding\":{\"type\":\"string\",\"visible\":false},\"Content-Type\":{\"type\":\"string\",\"visible\":false},\"Content-Length\":{\"type\":\"string\",\"visible\":false},\"Connection\":{\"type\":\"string\",\"visible\":false},\"Cookie\":{\"type\":\"string\",\"visible\":false},\"Pragma\":{\"type\":\"string\",\"visible\":false}}"
                            }
                        }
                    ],
                    "output": [
                        {
                            "name": "code",
                            "type": "integer"
                        },
                        {
                            "name": "data",
                            "type": "object",
                            "schema": {
                                "type": "json",
                                "value": "{\"message\":{\"type\":\"string\"}}"
                            }
                        }
                    ],
                    "fe_metadata": {
                        "input": "{\"type\":\"object\",\"title\":\"ReceiveHTTPMessage\",\"properties\":{\"queryParams\":{\"type\":\"object\",\"properties\":{\"appId\":{\"type\":\"array\",\"items\":{\"type\":\"string\"}}},\"required\":[\"appId\"]},\"headers\":{\"type\":\"object\",\"properties\":{\"Accept\":{\"type\":\"string\",\"visible\":false},\"Accept-Charset\":{\"type\":\"string\",\"visible\":false},\"Accept-Encoding\":{\"type\":\"string\",\"visible\":false},\"Content-Type\":{\"type\":\"string\",\"visible\":false},\"Content-Length\":{\"type\":\"string\",\"visible\":false},\"Connection\":{\"type\":\"string\",\"visible\":false},\"Cookie\":{\"type\":\"string\",\"visible\":false},\"Pragma\":{\"type\":\"string\",\"visible\":false}},\"required\":[]}}}",
                        "output": "{\"type\":\"object\",\"title\":\"Inputs\",\"properties\":{\"code\":{\"type\":\"integer\",\"required\":false},\"data\":{\"$schema\":\"http://json-schema.org/draft-04/schema#\",\"type\":\"object\",\"properties\":{\"message\":{\"type\":\"string\"}}}},\"required\":[]}"
                    }
                },
                "explicitReply": true
            }
        },
        {
            "id": "flow:flow_CheckCPUMetrics",
            "data": {
                "name": "flow_CheckCPUMetrics",
                "description": "This flow will measure and monitor the CPU metrics for each app instance",
                "links": [
                    {
                        "id": 1,
                        "from": "check_InstanceMetrics",
                        "to": "appInstance_cpuRange",
                        "type": "expression",
                        "label": "Success",
                        "value": "$activity[check_InstanceMetrics].statusCode == 200"
                    },
                    {
                        "id": 2,
                        "from": "appInstance_cpuRange",
                        "to": "call_decisionMaker",
                        "type": "expression",
                        "label": "ifexist",
                        "value": "array.count($activity[appInstance_cpuRange].output) > 0"
                    },
                    {
                        "id": 3,
                        "from": "call_decisionMaker",
                        "to": "Return2",
                        "type": "default"
                    },
                    {
                        "id": 4,
                        "from": "appInstance_cpuRange",
                        "to": "LogError",
                        "type": "error",
                        "label": "appInstance_cpuRange to LogError"
                    },
                    {
                        "id": 5,
                        "from": "check_InstanceMetrics",
                        "to": "Return1",
                        "type": "exprOtherwise",
                        "label": "Otherwise"
                    }
                ],
                "tasks": [
                    {
                        "id": "check_InstanceMetrics",
                        "name": "check_InstanceMetrics",
                        "description": "Simple REST Activity",
                        "settings": {
                            "retryOnError": {
                                "count": 0,
                                "interval": 0
                            }
                        },
                        "activity": {
                            "ref": "#rest",
                            "input": {
                                "enableASR": false,
                                "swagger": "",
                                "authorization": false,
                                "authorizationConn": "",
                                "serviceName": "",
                                "resourcePath": "",
                                "Method": "GET",
                                "Uri": "=$property[\"TCI-Gobal.Platform-API.get-app-instance-metrics\"]",
                                "Timeout": 0,
                                "requestType": "application/json",
                                "Use certificate for verification": false,
                                "Server Certificate": "",
                                "proxy": "",
                                "host": "",
                                "pathParams": {
                                    "mapping": {
                                        "subscriptionLocator": "=$property[\"TCI-Gobal.Platform_API_credentials.subscriptionLocator\"]",
                                        "appId": "=$flow.appId"
                                    }
                                },
                                "headers": {
                                    "mapping": {
                                        "Authorization": "=string.concat(\"Bearer \", $property[\"TCI-Gobal.Platform_API_credentials.Oauth_Token\"])"
                                    }
                                }
                            },
                            "output": {
                                "configureResponseCodes": true,
                                "responseType": "application/json",
                                "responseOutput": "JSON Object"
                            },
                            "schemas": {
                                "input": {
                                    "pathParams": {
                                        "type": "json",
                                        "value": "{\"type\":\"object\",\"properties\":{\"subscriptionLocator\":{\"type\":\"string\"},\"appId\":{\"type\":\"string\"}},\"required\":[]}",
                                        "fe_metadata": "[{\"parameterName\":\"subscriptionLocator\",\"type\":\"string\"},{\"parameterName\":\"appId\",\"type\":\"string\"}]"
                                    },
                                    "headers": {
                                        "type": "json",
                                        "value": "{\"type\":\"object\",\"properties\":{\"Authorization\":{\"type\":\"string\"},\"Accept\":{\"type\":\"string\",\"visible\":false},\"Accept-Charset\":{\"type\":\"string\",\"visible\":false},\"Accept-Encoding\":{\"type\":\"string\",\"visible\":false},\"Content-Type\":{\"type\":\"string\",\"visible\":false},\"Content-Length\":{\"type\":\"string\",\"visible\":false},\"Connection\":{\"type\":\"string\",\"visible\":false},\"Cookie\":{\"type\":\"string\",\"visible\":false},\"Pragma\":{\"type\":\"string\",\"visible\":false}},\"required\":[\"Authorization\"]}",
                                        "fe_metadata": "[{\"parameterName\":\"Authorization\",\"type\":\"string\",\"repeating\":\"\",\"required\":\"true\"},{\"parameterName\":\"Accept\",\"type\":\"string\",\"repeating\":\"false\",\"required\":\"false\",\"visible\":false},{\"parameterName\":\"Accept-Charset\",\"type\":\"string\",\"repeating\":\"false\",\"required\":\"false\",\"visible\":false},{\"parameterName\":\"Accept-Encoding\",\"type\":\"string\",\"repeating\":\"false\",\"required\":\"false\",\"visible\":false},{\"parameterName\":\"Content-Type\",\"type\":\"string\",\"repeating\":\"false\",\"required\":\"false\",\"visible\":false},{\"parameterName\":\"Content-Length\",\"type\":\"string\",\"repeating\":\"false\",\"required\":\"false\",\"visible\":false},{\"parameterName\":\"Connection\",\"type\":\"string\",\"repeating\":\"false\",\"required\":\"false\",\"visible\":false},{\"parameterName\":\"Cookie\",\"type\":\"string\",\"repeating\":\"false\",\"required\":\"false\",\"visible\":false},{\"parameterName\":\"Pragma\",\"type\":\"string\",\"repeating\":\"false\",\"required\":\"false\",\"visible\":false}]"
                                    }
                                },
                                "output": {
                                    "responseBody": {
                                        "type": "json",
                                        "value": "{\n  \"$schema\": \"http://json-schema.org/draft-07/schema#\",\n  \"properties\": {\n    \"data\": {\n      \"type\": \"string\"\n    }\n  },\n  \"type\": \"object\"\n}",
                                        "fe_metadata": "{\n  \"$schema\": \"http://json-schema.org/draft-07/schema#\",\n  \"properties\": {\n    \"data\": {\n      \"type\": \"string\"\n    }\n  },\n  \"type\": \"object\"\n}"
                                    },
                                    "responseCodes": {
                                        "type": "json",
                                        "value": "{\"$schema\":\"http://json-schema.org/draft-04/schema#\",\"type\":\"object\",\"properties\":{\"200\":{\"type\":\"array\",\"items\":{\"type\":\"object\",\"properties\":{\"instanceId\":{\"type\":\"string\"},\"instanceMetrics\":{\"type\":\"object\",\"properties\":{\"tci_app_instances_cpu\":{\"type\":\"array\",\"items\":{\"type\":\"object\",\"properties\":{\"labels\":{\"type\":\"object\",\"properties\":{\"app_type\":{\"type\":\"string\"},\"status\":{\"type\":\"string\"}}},\"value\":{\"type\":\"number\"}}}},\"tci_app_instances_cpu_range\":{\"type\":\"array\",\"items\":{\"type\":\"object\",\"properties\":{\"values\":{\"type\":\"array\",\"items\":{\"type\":\"array\"}}}}},\"tci_app_instances_failure_exes_range\":{\"type\":\"array\",\"items\":{\"type\":\"object\",\"properties\":{\"values\":{\"type\":\"array\",\"items\":{\"type\":\"array\"}}}}},\"tci_app_instances_memory\":{\"type\":\"array\",\"items\":{\"type\":\"object\",\"properties\":{\"labels\":{\"type\":\"object\",\"properties\":{\"app_type\":{\"type\":\"string\"},\"status\":{\"type\":\"string\"}}},\"value\":{\"type\":\"number\"}}}},\"tci_app_instances_memory_range\":{\"type\":\"array\",\"items\":{\"type\":\"object\",\"properties\":{\"values\":{\"type\":\"array\",\"items\":{\"type\":\"array\"}}}}},\"tci_app_instances_success_exes_range\":{\"type\":\"array\",\"items\":{\"type\":\"object\",\"properties\":{\"values\":{\"type\":\"array\",\"items\":{\"type\":\"array\"}}}}}}}}}},\"400\":{\"type\":\"object\",\"properties\":{\"error\":{\"type\":\"string\"},\"errorDetail\":{\"type\":\"string\"}}},\"500\":{\"type\":\"object\",\"properties\":{\"error\":{\"type\":\"string\"},\"errorDetail\":{\"type\":\"string\"}}}}}",
                                        "fe_metadata": "{\"200\":[{\"instanceId\":\"string\",\"instanceMetrics\":{\"tci_app_instances_cpu\":[{\"labels\":{\"app_type\":\"string\",\"status\":\"string\"},\"value\":0}],\"tci_app_instances_cpu_range\":[{\"values\":[[{}]]}],\"tci_app_instances_failure_exes_range\":[{\"values\":[[{}]]}],\"tci_app_instances_memory\":[{\"labels\":{\"app_type\":\"string\",\"status\":\"string\"},\"value\":0}],\"tci_app_instances_memory_range\":[{\"values\":[[{}]]}],\"tci_app_instances_success_exes_range\":[{\"values\":[[{}]]}]}}],\"400\":{\"error\":\"string\",\"errorDetail\":\"string\"},\"500\":{\"error\":\"string\",\"errorDetail\":\"string\"}}"
                                    },
                                    "responseCodesSchema": {
                                        "type": "json",
                                        "value": "{\"$schema\":\"http://json-schema.org/draft-04/schema#\",\"type\":\"array\",\"items\":{\"type\":\"object\",\"properties\":{\"code\":{\"type\":\"string\"},\"responseType\":{\"type\":\"string\"},\"responseSchema\":{\"type\":\"string\"},\"responseHeaders\":{\"type\":\"string\"}},\"required\":[\"code\",\"responseType\",\"responseSchema\",\"responseHeaders\"]}}",
                                        "fe_metadata": "[{\"code\":\"500\",\"responseType\":\"object\",\"responseSchema\":\"{\\n  \\\"error\\\": \\\"string\\\",\\n  \\\"errorDetail\\\": \\\"string\\\"\\n}\",\"responseHeaders\":\"\"},{\"code\":\"400\",\"responseType\":\"object\",\"responseSchema\":\"{\\n  \\\"error\\\": \\\"string\\\",\\n  \\\"errorDetail\\\": \\\"string\\\"\\n}\",\"responseHeaders\":\"\"},{\"code\":\"200\",\"responseType\":\"object\",\"responseSchema\":\"[\\n  {\\n    \\\"instanceId\\\": \\\"string\\\",\\n    \\\"instanceMetrics\\\": {\\n      \\\"tci_app_instances_cpu\\\": [\\n        {\\n          \\\"labels\\\": {\\n            \\\"app_type\\\": \\\"string\\\",\\n            \\\"status\\\": \\\"string\\\"\\n          },\\n          \\\"value\\\": 0\\n        }\\n      ],\\n      \\\"tci_app_instances_cpu_range\\\": [\\n        {\\n          \\\"values\\\": [\\n            [\\n              {}\\n            ]\\n          ]\\n        }\\n      ],\\n      \\\"tci_app_instances_failure_exes_range\\\": [\\n        {\\n          \\\"values\\\": [\\n            [\\n              {}\\n            ]\\n          ]\\n        }\\n      ],\\n      \\\"tci_app_instances_memory\\\": [\\n        {\\n          \\\"labels\\\": {\\n            \\\"app_type\\\": \\\"string\\\",\\n            \\\"status\\\": \\\"string\\\"\\n          },\\n          \\\"value\\\": 0\\n        }\\n      ],\\n      \\\"tci_app_instances_memory_range\\\": [\\n        {\\n          \\\"values\\\": [\\n            [\\n              {}\\n            ]\\n          ]\\n        }\\n      ],\\n      \\\"tci_app_instances_success_exes_range\\\": [\\n        {\\n          \\\"values\\\": [\\n            [\\n              {}\\n            ]\\n          ]\\n        }\\n      ]\\n    }\\n  }\\n]\",\"responseHeaders\":\"\"}]"
                                    },
                                    "headers": {
                                        "type": "json",
                                        "value": "{\"type\":\"object\",\"properties\":{\"Accept\":{\"type\":\"string\",\"visible\":false},\"Accept-Charset\":{\"type\":\"string\",\"visible\":false},\"Accept-Encoding\":{\"type\":\"string\",\"visible\":false},\"Content-Type\":{\"type\":\"string\",\"visible\":false},\"Content-Length\":{\"type\":\"string\",\"visible\":false},\"Connection\":{\"type\":\"string\",\"visible\":false},\"Cookie\":{\"type\":\"string\",\"visible\":false},\"Pragma\":{\"type\":\"string\",\"visible\":false}},\"required\":[]}",
                                        "fe_metadata": "[{\"parameterName\":\"Accept\",\"type\":\"string\",\"repeating\":\"false\",\"required\":\"false\",\"visible\":false},{\"parameterName\":\"Accept-Charset\",\"type\":\"string\",\"repeating\":\"false\",\"required\":\"false\",\"visible\":false},{\"parameterName\":\"Accept-Encoding\",\"type\":\"string\",\"repeating\":\"false\",\"required\":\"false\",\"visible\":false},{\"parameterName\":\"Content-Type\",\"type\":\"string\",\"repeating\":\"false\",\"required\":\"false\",\"visible\":false},{\"parameterName\":\"Content-Length\",\"type\":\"string\",\"repeating\":\"false\",\"required\":\"false\",\"visible\":false},{\"parameterName\":\"Connection\",\"type\":\"string\",\"repeating\":\"false\",\"required\":\"false\",\"visible\":false},{\"parameterName\":\"Cookie\",\"type\":\"string\",\"repeating\":\"false\",\"required\":\"false\",\"visible\":false},{\"parameterName\":\"Pragma\",\"type\":\"string\",\"repeating\":\"false\",\"required\":\"false\",\"visible\":false}]"
                                    }
                                }
                            }
                        }
                    },
                    {
                        "id": "appInstance_cpuRange",
                        "name": "appInstance_cpuRange",
                        "description": "Mapper Activity",
                        "activity": {
                            "ref": "#mapper",
                            "input": {
                                "input": {
                                    "mapping": {
                                        "@foreach($activity[check_InstanceMetrics].responseCodes[\"200\"],input)": {
                                            "instanceId": "=$loop.instanceId",
                                            "instanceMetrics": {
                                                "tci_app_instances_cpu_range": {
                                                    "@foreach($loop[input].instanceMetrics.tci_app_instances_cpu_range,tci_app_instances_cpu_range, array.count($loop[input].instanceMetrics.tci_app_instances_cpu_range)>0 && isdefined($loop[input].instanceMetrics.tci_app_instances_cpu_range))": {
                                                        "values": [
                                                            {
                                                                "epochTime": "=array.get(array.get($loop[tci_app_instances_cpu_range].values, array.count($loop[tci_app_instances_cpu_range].values)-1), 0)",
                                                                "cpu": "=array.get(array.get($loop[tci_app_instances_cpu_range].values, array.count($loop[tci_app_instances_cpu_range].values)-1), 1)"
                                                            }
                                                        ]
                                                    }
                                                }
                                            }
                                        }
                                    }
                                }
                            },
                            "schemas": {
                                "input": {
                                    "input": {
                                        "type": "json",
                                        "value": "{\"$schema\":\"http://json-schema.org/draft-04/schema#\",\"type\":\"array\",\"items\":{\"type\":\"object\",\"properties\":{\"instanceId\":{\"type\":\"string\"},\"instanceMetrics\":{\"type\":\"object\",\"properties\":{\"tci_app_instances_cpu_range\":{\"type\":\"array\",\"items\":{\"type\":\"object\",\"properties\":{\"values\":{\"type\":\"array\",\"items\":{\"type\":\"object\",\"properties\":{\"epochTime\":{\"type\":\"number\"},\"cpu\":{\"type\":\"string\"}}}}}}}}}}}}",
                                        "fe_metadata": "[\n  {\n    \"instanceId\": \"string\",\n    \"instanceMetrics\": {\n      \"tci_app_instances_cpu_range\": [\n        {\n          \"values\": [\n              {\n                \"epochTime\":1626075060.345,\n                \"cpu\":\"4\"\n              }\n          ]\n        }\n      ]\n    }\n  }\n]"
                                    }
                                },
                                "output": {
                                    "output": {
                                        "type": "json",
                                        "value": "{\"$schema\":\"http://json-schema.org/draft-04/schema#\",\"type\":\"array\",\"items\":{\"type\":\"object\",\"properties\":{\"instanceId\":{\"type\":\"string\"},\"instanceMetrics\":{\"type\":\"object\",\"properties\":{\"tci_app_instances_cpu_range\":{\"type\":\"array\",\"items\":{\"type\":\"object\",\"properties\":{\"values\":{\"type\":\"array\",\"items\":{\"type\":\"object\",\"properties\":{\"epochTime\":{\"type\":\"number\"},\"cpu\":{\"type\":\"string\"}}}}}}}}}}}}",
                                        "fe_metadata": "[\n  {\n    \"instanceId\": \"string\",\n    \"instanceMetrics\": {\n      \"tci_app_instances_cpu_range\": [\n        {\n          \"values\": [\n            {\n              \"epochTime\": 1626075060.345,\n              \"cpu\": \"4\"\n            }\n          ]\n        }\n      ]\n    }\n  }\n]"
                                    }
                                }
                            }
                        }
                    },
                    {
                        "id": "call_decisionMaker",
                        "name": "call_decisionMaker",
                        "description": "Simple SubFlow Activity",
                        "activity": {
                            "ref": "#subflow",
                            "settings": {
                                "flowURI": "res://flow:flow_autoScale_DecisionMaker"
                            },
                            "input": {
                                "appId": "=$flow.appId",
                                "instanceCount": "=string.tostring(array.count($activity[appInstance_cpuRange].output))",
                                "metrics": {
                                    "mapping": {
                                        "@foreach($activity[appInstance_cpuRange].output, metrics, array.count($loop.instanceMetrics.tci_app_instances_cpu_range)>0)": {
                                            "CPU": {
                                                "cpu": "=$loop.instanceMetrics.tci_app_instances_cpu_range[0].values[0].cpu",
                                                "epochTime": "=$loop.instanceMetrics.tci_app_instances_cpu_range[0].values[0].epochTime"
                                            }
                                        }
                                    }
                                }
                            },
                            "schemas": {
                                "input": {
                                    "input": {
                                        "type": "json",
                                        "value": "{\"$schema\":\"http://json-schema.org/draft-04/schema#\",\"type\":\"object\",\"properties\":{\"appId\":{\"type\":\"string\"},\"instanceCount\":{\"type\":\"string\"},\"metrics\":{\"type\":\"array\",\"items\":{\"type\":\"object\",\"properties\":{\"CPU\":{\"type\":\"object\",\"properties\":{\"cpu\":{\"type\":\"string\"},\"epochTime\":{\"type\":\"number\"}}}}}}}}",
                                        "fe_metadata": "{\"$schema\":\"http://json-schema.org/draft-04/schema#\",\"type\":\"object\",\"properties\":{\"appId\":{\"type\":\"string\"},\"instanceCount\":{\"type\":\"string\"},\"metrics\":{\"type\":\"array\",\"items\":{\"type\":\"object\",\"properties\":{\"CPU\":{\"type\":\"object\",\"properties\":{\"cpu\":{\"type\":\"string\"},\"epochTime\":{\"type\":\"number\"}}}}}}}}"
                                    }
                                },
                                "output": {
                                    "output": {
                                        "type": "json",
                                        "value": "{\"$schema\":\"http://json-schema.org/draft-04/schema#\",\"type\":\"object\",\"properties\":{\"appId\":{\"type\":\"string\"},\"appInstanceCount\":{\"type\":\"string\"},\"Scale\":{\"type\":\"string\"}}}",
                                        "fe_metadata": "{\"$schema\":\"http://json-schema.org/draft-04/schema#\",\"type\":\"object\",\"properties\":{\"appId\":{\"type\":\"string\"},\"appInstanceCount\":{\"type\":\"string\"},\"Scale\":{\"type\":\"string\"}}}"
                                    }
                                }
                            }
                        }
                    },
                    {
                        "id": "Return2",
                        "name": "Return2",
                        "description": "Simple Return Activity",
                        "activity": {
                            "ref": "#actreturn",
                            "settings": {
                                "mappings": {
                                    "appId": "=$activity[call_decisionMaker].appId",
                                    "appInstanceCount": "=$activity[call_decisionMaker].appInstanceCount",
                                    "Scale": "=$activity[call_decisionMaker].Scale"
                                }
                            }
                        }
                    },
                    {
                        "id": "LogError",
                        "name": "LogError",
                        "description": "Simple Log Message Activity",
                        "activity": {
                            "ref": "#log",
                            "input": {
                                "Log Level": "INFO",
                                "flowInfo": false,
                                "message": "=string.concat(\"#### Error in acitivity : \", $error[appInstance_cpuRange].activity, \" MSG : \", $error[appInstance_cpuRange].message)"
                            }
                        }
                    },
                    {
                        "id": "Return1",
                        "name": "Return1",
                        "description": "Simple Return Activity",
                        "activity": {
                            "ref": "#actreturn",
                            "settings": {
                                "mappings": {
                                    "appId": "=$flow.appId",
                                    "appInstanceCount": "NA",
                                    "Scale": "NA"
                                }
                            }
                        }
                    }
                ],
                "metadata": {
                    "input": [
                        {
                            "name": "appId",
                            "type": "string"
                        }
                    ],
                    "output": [
                        {
                            "name": "appId",
                            "type": "string"
                        },
                        {
                            "name": "appInstanceCount",
                            "type": "string"
                        },
                        {
                            "name": "Scale",
                            "type": "string"
                        }
                    ],
                    "fe_metadata": {
                        "input": "{\"$schema\":\"http://json-schema.org/draft-04/schema#\",\"type\":\"object\",\"properties\":{\"appId\":{\"type\":\"string\"}}}",
                        "output": "{\"$schema\":\"http://json-schema.org/draft-04/schema#\",\"type\":\"object\",\"properties\":{\"appId\":{\"type\":\"string\"},\"appInstanceCount\":{\"type\":\"string\"},\"Scale\":{\"type\":\"string\"}}}"
                    }
                }
            }
        },
        {
            "id": "flow:Monitor_appsForCPU",
            "data": {
                "name": "Monitor_appsForCPU",
                "description": "This will monitor the app cpu metrics and it will scale-up (max 3 instances) if beyond 70% and scaledown if less than 40% (more than 1 active instance)",
                "links": [
                    {
                        "id": 1,
                        "from": "get_SharedVar_appsToMonitor",
                        "to": "check_CPUMetrics",
                        "type": "default"
                    },
                    {
                        "id": 2,
                        "from": "check_CPUMetrics",
                        "to": "Log_ScalingData",
                        "type": "default"
                    },
                    {
                        "id": 3,
                        "from": "Log_ScalingData",
                        "to": "LogCompletion",
                        "type": "default"
                    },
                    {
                        "id": 4,
                        "from": "LogCompletion",
                        "to": "end",
                        "type": "default"
                    },
                    {
                        "id": 5,
                        "from": "check_CPUMetrics",
                        "to": "LogError",
                        "type": "error",
                        "label": "get_CPUMetrics to LogMessage"
                    }
                ],
                "tasks": [
                    {
                        "id": "get_SharedVar_appsToMonitor",
                        "name": "get_SharedVar_appsToMonitor",
                        "description": "Enable sharing of data within or across flows in the application",
                        "type": "doWhile",
                        "settings": {
                            "doWhile": {
                                "condition": "=$activity[get_SharedVar_appsToMonitor].output.exist == boolean.false()",
                                "delay": 30000,
                                "accessOutputInInput": false
                            },
                            "accumulate": false
                        },
                        "activity": {
                            "ref": "#shareddata",
                            "settings": {
                                "scope": "Application",
                                "operation": "GET",
                                "type": "object",
                                "objectSchema": "{\n    \"apps\":[]\n    \n}"
                            },
                            "input": {
                                "key": "apps-to-monitor"
                            },
                            "schemas": {
                                "output": {
                                    "output": {
                                        "type": "json",
                                        "value": "{\"$schema\":\"http://json-schema.org/draft-04/schema#\",\"type\":\"object\",\"properties\":{\"exist\":{\"type\":\"boolean\"},\"data\":{\"type\":\"object\",\"properties\":{\"apps\":{\"type\":\"array\",\"items\":{}}}}}}",
                                        "fe_metadata": "{ \"exist\":false, \"data\":{\n    \"apps\":[]\n    \n}}"
                                    }
                                },
                                "settings": {
                                    "objectSchema": {
                                        "type": "json",
                                        "value": "{\"$schema\":\"http://json-schema.org/draft-04/schema#\",\"type\":\"object\",\"properties\":{\"apps\":{\"type\":\"array\",\"items\":{}}}}",
                                        "fe_metadata": "{\n    \"apps\":[]\n    \n}"
                                    }
                                }
                            }
                        }
                    },
                    {
                        "id": "check_CPUMetrics",
                        "name": "check_CPUMetrics",
                        "description": "Simple SubFlow Activity",
                        "type": "iterator",
                        "settings": {
                            "iterate": "=$activity[get_SharedVar_appsToMonitor].output.data.apps",
                            "accumulate": true
                        },
                        "activity": {
                            "ref": "#subflow",
                            "settings": {
                                "flowURI": "res://flow:flow_CheckCPUMetrics"
                            },
                            "input": {
                                "appId": "=$iteration[value]"
                            },
                            "schemas": {
                                "input": {
                                    "input": {
                                        "type": "json",
                                        "value": "{\"$schema\":\"http://json-schema.org/draft-04/schema#\",\"type\":\"object\",\"properties\":{\"appId\":{\"type\":\"string\"}}}",
                                        "fe_metadata": "{\"$schema\":\"http://json-schema.org/draft-04/schema#\",\"type\":\"object\",\"properties\":{\"appId\":{\"type\":\"string\"}}}"
                                    }
                                },
                                "output": {
                                    "output": {
                                        "type": "json",
                                        "value": "{\"$schema\":\"http://json-schema.org/draft-04/schema#\",\"type\":\"object\",\"properties\":{\"appId\":{\"type\":\"string\"},\"appInstanceCount\":{\"type\":\"string\"},\"Scale\":{\"type\":\"string\"}}}",
                                        "fe_metadata": "{\"$schema\":\"http://json-schema.org/draft-04/schema#\",\"type\":\"object\",\"properties\":{\"appId\":{\"type\":\"string\"},\"appInstanceCount\":{\"type\":\"string\"},\"Scale\":{\"type\":\"string\"}}}"
                                    }
                                }
                            }
                        }
                    },
                    {
                        "id": "Log_ScalingData",
                        "name": "Log_ScalingData",
                        "description": "Simple Log Message Activity",
                        "activity": {
                            "ref": "#log",
                            "input": {
                                "Log Level": "INFO",
                                "flowInfo": false,
                                "message": "=string.concat(\"########## List of Apps Scaled  : \", string.tostring($activity[check_CPUMetrics]))"
                            }
                        }
                    },
                    {
                        "id": "LogCompletion",
                        "name": "LogCompletion",
                        "description": "Simple Log Message Activity",
                        "activity": {
                            "ref": "#log",
                            "input": {
                                "Log Level": "INFO",
                                "flowInfo": false,
                                "message": "=string.concat(\"######### monitoring cycle completed at : \", datetime.currentDatetime())"
                            }
                        }
                    },
                    {
                        "id": "end",
                        "name": "end",
                        "description": "Simple Return Activity",
                        "activity": {
                            "ref": "#actreturn"
                        }
                    },
                    {
                        "id": "LogError",
                        "name": "LogError",
                        "description": "Simple Log Message Activity",
                        "activity": {
                            "ref": "#log",
                            "input": {
                                "Log Level": "INFO",
                                "flowInfo": false,
                                "message": "=string.tostring($error.check_CPUMetrics)"
                            }
                        }
                    }
                ],
                "metadata": {
                    "input": [],
                    "output": [],
                    "fe_metadata": {}
                }
            }
        },
        {
            "id": "flow:flow_scaleApp",
            "data": {
                "name": "flow_scaleApp",
                "description": "This will scale up the app instance",
                "links": [
                    {
                        "id": 1,
                        "from": "Scale_App",
                        "to": "Log_scaledApp",
                        "type": "expression",
                        "label": "Scale_ApptoLogMessage",
                        "value": "$activity[Scale_App].statusCode == 202"
                    },
                    {
                        "id": 2,
                        "from": "Log_scaledApp",
                        "to": "Return",
                        "type": "default"
                    },
                    {
                        "id": 3,
                        "from": "Scale_App",
                        "to": "Log_NoMatching",
                        "type": "exprOtherwise",
                        "label": "Scale_App to LogMessage"
                    },
                    {
                        "id": 4,
                        "from": "Log_NoMatching",
                        "to": "Return1",
                        "type": "default"
                    }
                ],
                "tasks": [
                    {
                        "id": "Scale_App",
                        "name": "Scale_App",
                        "description": "Simple REST Activity",
                        "settings": {
                            "retryOnError": {
                                "count": 0,
                                "interval": 0
                            }
                        },
                        "activity": {
                            "ref": "#rest",
                            "input": {
                                "enableASR": false,
                                "swagger": "",
                                "authorization": false,
                                "authorizationConn": "",
                                "serviceName": "",
                                "resourcePath": "",
                                "Method": "POST",
                                "Uri": "=$property[\"TCI-Gobal.Platform-API.scale-app\"]",
                                "Timeout": 0,
                                "requestType": "application/json",
                                "Use certificate for verification": false,
                                "Server Certificate": "",
                                "proxy": "",
                                "host": "",
                                "queryParams": {
                                    "mapping": {
                                        "instanceCount": "=coerce.toInt($flow.instanceCount)"
                                    }
                                },
                                "pathParams": {
                                    "mapping": {
                                        "subscriptionLocator": "=$property[\"TCI-Gobal.Platform_API_credentials.subscriptionLocator\"]",
                                        "appId": "=$flow.appId"
                                    }
                                },
                                "headers": {
                                    "mapping": {
                                        "Authorization": "=string.concat(\"Bearer \", $property[\"TCI-Gobal.Platform_API_credentials.Oauth_Token\"])"
                                    }
                                }
                            },
                            "output": {
                                "configureResponseCodes": false,
                                "responseType": "application/json",
                                "responseOutput": "JSON Object"
                            },
                            "schemas": {
                                "input": {
                                    "queryParams": {
                                        "type": "json",
                                        "value": "{\"type\":\"object\",\"properties\":{\"instanceCount\":{\"type\":\"number\"}},\"required\":[\"instanceCount\"]}",
                                        "fe_metadata": "[{\"parameterName\":\"instanceCount\",\"type\":\"number\",\"repeating\":\"\",\"required\":\"true\"}]"
                                    },
                                    "pathParams": {
                                        "type": "json",
                                        "value": "{\"type\":\"object\",\"properties\":{\"subscriptionLocator\":{\"type\":\"string\"},\"appId\":{\"type\":\"string\"}},\"required\":[]}",
                                        "fe_metadata": "[{\"parameterName\":\"subscriptionLocator\",\"type\":\"string\"},{\"parameterName\":\"appId\",\"type\":\"string\"}]"
                                    },
                                    "headers": {
                                        "type": "json",
                                        "value": "{\"type\":\"object\",\"properties\":{\"Authorization\":{\"type\":\"string\"},\"Accept\":{\"type\":\"string\",\"visible\":false},\"Accept-Charset\":{\"type\":\"string\",\"visible\":false},\"Accept-Encoding\":{\"type\":\"string\",\"visible\":false},\"Content-Type\":{\"type\":\"string\",\"visible\":false},\"Content-Length\":{\"type\":\"string\",\"visible\":false},\"Connection\":{\"type\":\"string\",\"visible\":false},\"Cookie\":{\"type\":\"string\",\"visible\":false},\"Pragma\":{\"type\":\"string\",\"visible\":false}},\"required\":[\"Authorization\"]}",
                                        "fe_metadata": "[{\"parameterName\":\"Authorization\",\"type\":\"string\",\"repeating\":\"\",\"required\":\"true\"},{\"parameterName\":\"Accept\",\"type\":\"string\",\"repeating\":\"false\",\"required\":\"false\",\"visible\":false},{\"parameterName\":\"Accept-Charset\",\"type\":\"string\",\"repeating\":\"false\",\"required\":\"false\",\"visible\":false},{\"parameterName\":\"Accept-Encoding\",\"type\":\"string\",\"repeating\":\"false\",\"required\":\"false\",\"visible\":false},{\"parameterName\":\"Content-Type\",\"type\":\"string\",\"repeating\":\"false\",\"required\":\"false\",\"visible\":false},{\"parameterName\":\"Content-Length\",\"type\":\"string\",\"repeating\":\"false\",\"required\":\"false\",\"visible\":false},{\"parameterName\":\"Connection\",\"type\":\"string\",\"repeating\":\"false\",\"required\":\"false\",\"visible\":false},{\"parameterName\":\"Cookie\",\"type\":\"string\",\"repeating\":\"false\",\"required\":\"false\",\"visible\":false},{\"parameterName\":\"Pragma\",\"type\":\"string\",\"repeating\":\"false\",\"required\":\"false\",\"visible\":false}]"
                                    }
                                },
                                "output": {
                                    "headers": {
                                        "type": "json",
                                        "value": "{\"type\":\"object\",\"properties\":{\"Accept\":{\"type\":\"string\",\"visible\":false},\"Accept-Charset\":{\"type\":\"string\",\"visible\":false},\"Accept-Encoding\":{\"type\":\"string\",\"visible\":false},\"Content-Type\":{\"type\":\"string\",\"visible\":false},\"Content-Length\":{\"type\":\"string\",\"visible\":false},\"Connection\":{\"type\":\"string\",\"visible\":false},\"Cookie\":{\"type\":\"string\",\"visible\":false},\"Pragma\":{\"type\":\"string\",\"visible\":false}},\"required\":[]}",
                                        "fe_metadata": "[{\"parameterName\":\"Accept\",\"type\":\"string\",\"repeating\":\"false\",\"required\":\"false\",\"visible\":false},{\"parameterName\":\"Accept-Charset\",\"type\":\"string\",\"repeating\":\"false\",\"required\":\"false\",\"visible\":false},{\"parameterName\":\"Accept-Encoding\",\"type\":\"string\",\"repeating\":\"false\",\"required\":\"false\",\"visible\":false},{\"parameterName\":\"Content-Type\",\"type\":\"string\",\"repeating\":\"false\",\"required\":\"false\",\"visible\":false},{\"parameterName\":\"Content-Length\",\"type\":\"string\",\"repeating\":\"false\",\"required\":\"false\",\"visible\":false},{\"parameterName\":\"Connection\",\"type\":\"string\",\"repeating\":\"false\",\"required\":\"false\",\"visible\":false},{\"parameterName\":\"Cookie\",\"type\":\"string\",\"repeating\":\"false\",\"required\":\"false\",\"visible\":false},{\"parameterName\":\"Pragma\",\"type\":\"string\",\"repeating\":\"false\",\"required\":\"false\",\"visible\":false}]"
                                    }
                                }
                            }
                        }
                    },
                    {
                        "id": "Log_scaledApp",
                        "name": "Log_scaledApp",
                        "description": "Simple Log Message Activity",
                        "activity": {
                            "ref": "#log",
                            "input": {
                                "Log Level": "INFO",
                                "flowInfo": false,
                                "message": "=string.concat(\"##### Application : \", $flow.appId, \" scaled to \", $flow.instanceCount, \" successfully ########\")"
                            }
                        }
                    },
                    {
                        "id": "Return",
                        "name": "Return",
                        "description": "Simple Return Activity",
                        "activity": {
                            "ref": "#actreturn",
                            "settings": {
                                "mappings": {
                                    "appId": "=$flow.appId",
                                    "appInstance": "=$flow.instanceCount"
                                }
                            }
                        }
                    },
                    {
                        "id": "Log_NoMatching",
                        "name": "Log_NoMatching",
                        "description": "Simple Log Message Activity",
                        "activity": {
                            "ref": "#log",
                            "input": {
                                "Log Level": "INFO",
                                "flowInfo": false,
                                "message": "######## Scale App : taking No Action #########"
                            }
                        }
                    },
                    {
                        "id": "Return1",
                        "name": "Return1",
                        "description": "Simple Return Activity",
                        "activity": {
                            "ref": "#actreturn",
                            "settings": {
                                "mappings": {
                                    "appId": "=$flow.appId",
                                    "appInstance": "=$flow.instanceCount+1"
                                }
                            }
                        }
                    }
                ],
                "metadata": {
                    "input": [
                        {
                            "name": "subscriptionLocator",
                            "type": "string"
                        },
                        {
                            "name": "appId",
                            "type": "string"
                        },
                        {
                            "name": "instanceCount",
                            "type": "string"
                        }
                    ],
                    "output": [
                        {
                            "name": "appId",
                            "type": "string"
                        },
                        {
                            "name": "appInstance",
                            "type": "string"
                        }
                    ],
                    "fe_metadata": {
                        "input": "{\"$schema\":\"http://json-schema.org/draft-04/schema#\",\"type\":\"object\",\"properties\":{\"subscriptionLocator\":{\"type\":\"string\"},\"appId\":{\"type\":\"string\"},\"instanceCount\":{\"type\":\"string\"}}}",
                        "output": "{\"$schema\":\"http://json-schema.org/draft-04/schema#\",\"type\":\"object\",\"properties\":{\"appId\":{\"type\":\"string\"},\"appInstance\":{\"type\":\"string\"}}}"
                    }
                }
            }
        },
        {
            "id": "flow:flow_autoScale_DecisionMaker",
            "data": {
                "name": "flow_autoScale_DecisionMaker",
                "description": "The descisionMaker will decide whether to scale-up or scale-down the app instance based on CPU and no. of Active instances&#160;",
                "links": [
                    {
                        "id": 1,
                        "from": "data_cpu_gt_70",
                        "to": "ScaleUp",
                        "type": "expression",
                        "label": "ScaleUp",
                        "value": "array.count($activity[data_cpu_gt_70].output.metrics)>0 \n&& \ncoerce.toInt($activity[data_cpu_gt_70].output.instanceCount) < 3"
                    },
                    {
                        "id": 2,
                        "from": "ScaleUp",
                        "to": "scaleApp_Up",
                        "type": "default"
                    },
                    {
                        "id": 3,
                        "from": "scaleApp_Up",
                        "to": "Return",
                        "type": "default"
                    },
                    {
                        "id": 4,
                        "from": "data_cpu_gt_70",
                        "to": "SU_NA",
                        "type": "exprOtherwise",
                        "label": "Otherwise"
                    },
                    {
                        "id": 5,
                        "from": "SU_NA",
                        "to": "data_cpu_lt_40",
                        "type": "default"
                    },
                    {
                        "id": 6,
                        "from": "data_cpu_lt_40",
                        "to": "ScaleDown",
                        "type": "expression",
                        "label": "scale_Down",
                        "value": "array.count($activity[data_cpu_lt_40].output.metrics) > 0   \n&&\ncoerce.toInt($activity[data_cpu_lt_40].output.instanceCount) > 1"
                    },
                    {
                        "id": 7,
                        "from": "ScaleDown",
                        "to": "scaleApp_down",
                        "type": "default"
                    },
                    {
                        "id": 8,
                        "from": "scaleApp_down",
                        "to": "Return1",
                        "type": "default"
                    },
                    {
                        "id": 9,
                        "from": "scaleApp_down",
                        "to": "errorReturn",
                        "type": "error",
                        "label": "scaleApp_down to Return3"
                    },
                    {
                        "id": 10,
                        "from": "data_cpu_lt_40",
                        "to": "SD_NA",
                        "type": "exprOtherwise",
                        "label": "noAction"
                    },
                    {
                        "id": 11,
                        "from": "SD_NA",
                        "to": "Return2",
                        "type": "default"
                    }
                ],
                "tasks": [
                    {
                        "id": "data_cpu_gt_70",
                        "name": "data_cpu_gt_70",
                        "description": "Mapper Activity",
                        "activity": {
                            "ref": "#mapper",
                            "input": {
                                "input": {
                                    "mapping": {
                                        "appId": "=$flow.appId",
                                        "instanceCount": "=$flow.instanceCount",
                                        "metrics": {
                                            "@foreach($flow.metrics,metrics, $loop.CPU.cpu > string.tostring($property[\"TCI-AutoScale-Usecase.scaleUp_threshold_cpu\"]))": {
                                                "=": "$loop"
                                            }
                                        }
                                    }
                                }
                            },
                            "schemas": {
                                "input": {
                                    "input": {
                                        "type": "json",
                                        "value": "{\"$schema\":\"http://json-schema.org/draft-04/schema#\",\"type\":\"object\",\"properties\":{\"appId\":{\"type\":\"string\"},\"instanceCount\":{\"type\":\"string\"},\"metrics\":{\"type\":\"array\",\"items\":{\"type\":\"object\",\"properties\":{\"CPU\":{\"type\":\"object\",\"properties\":{\"cpu\":{\"type\":\"string\"},\"epochTime\":{\"type\":\"number\"}}}}}}}}",
                                        "fe_metadata": "    {\n      \"appId\": \"l4q6xwb63wrjoshj2iv7wvhhttno3tne\",\n      \"instanceCount\": \"1\",\n      \"metrics\": [\n        {\n          \"CPU\": {\n            \"cpu\": \"0\",\n            \"epochTime\": 1626096510.611\n          }\n        }\n      ]\n    }"
                                    }
                                },
                                "output": {
                                    "output": {
                                        "type": "json",
                                        "value": "{\"$schema\":\"http://json-schema.org/draft-04/schema#\",\"type\":\"object\",\"properties\":{\"appId\":{\"type\":\"string\"},\"instanceCount\":{\"type\":\"string\"},\"metrics\":{\"type\":\"array\",\"items\":{\"type\":\"object\",\"properties\":{\"CPU\":{\"type\":\"object\",\"properties\":{\"cpu\":{\"type\":\"string\"},\"epochTime\":{\"type\":\"number\"}}}}}}}}",
                                        "fe_metadata": "{\n  \"appId\": \"l4q6xwb63wrjoshj2iv7wvhhttno3tne\",\n  \"instanceCount\": \"1\",\n  \"metrics\": [\n    {\n      \"CPU\": {\n        \"cpu\": \"0\",\n        \"epochTime\": 1626096510.611\n      }\n    }\n  ]\n}"
                                    }
                                }
                            }
                        }
                    },
                    {
                        "id": "ScaleUp",
                        "name": "ScaleUp",
                        "description": "Simple Log Message Activity",
                        "activity": {
                            "ref": "#log",
                            "input": {
                                "Log Level": "INFO",
                                "flowInfo": false,
                                "message": "######### Scaling up the app instance #########"
                            }
                        }
                    },
                    {
                        "id": "scaleApp_Up",
                        "name": "scaleApp_Up",
                        "description": "Simple SubFlow Activity",
                        "activity": {
                            "ref": "#subflow",
                            "settings": {
                                "flowURI": "res://flow:flow_scaleApp"
                            },
                            "input": {
                                "appId": "=$activity[data_cpu_gt_70].output.appId",
                                "instanceCount": "=coerce.toInt($activity[data_cpu_gt_70].output.instanceCount) + 1"
                            },
                            "schemas": {
                                "input": {
                                    "input": {
                                        "type": "json",
                                        "value": "{\"$schema\":\"http://json-schema.org/draft-04/schema#\",\"type\":\"object\",\"properties\":{\"subscriptionLocator\":{\"type\":\"string\"},\"appId\":{\"type\":\"string\"},\"instanceCount\":{\"type\":\"string\"}}}",
                                        "fe_metadata": "{\"$schema\":\"http://json-schema.org/draft-04/schema#\",\"type\":\"object\",\"properties\":{\"subscriptionLocator\":{\"type\":\"string\"},\"appId\":{\"type\":\"string\"},\"instanceCount\":{\"type\":\"string\"}}}"
                                    }
                                },
                                "output": {
                                    "output": {
                                        "type": "json",
                                        "value": "{\"$schema\":\"http://json-schema.org/draft-04/schema#\",\"type\":\"object\",\"properties\":{\"appId\":{\"type\":\"string\"},\"appInstance\":{\"type\":\"string\"}}}",
                                        "fe_metadata": "{\"$schema\":\"http://json-schema.org/draft-04/schema#\",\"type\":\"object\",\"properties\":{\"appId\":{\"type\":\"string\"},\"appInstance\":{\"type\":\"string\"}}}"
                                    }
                                }
                            }
                        }
                    },
                    {
                        "id": "Return",
                        "name": "Return",
                        "description": "Simple Return Activity",
                        "activity": {
                            "ref": "#actreturn",
                            "settings": {
                                "mappings": {
                                    "appId": "=$flow.appId",
                                    "appInstanceCount": "=$activity[scaleApp_Up].appInstance",
                                    "Scale": "Up"
                                }
                            }
                        }
                    },
                    {
                        "id": "SU_NA",
                        "name": "SU_NA",
                        "description": "Simple Log Message Activity",
                        "activity": {
                            "ref": "#log",
                            "input": {
                                "Log Level": "INFO",
                                "flowInfo": false,
                                "message": "########## ScaleUP_DecisionMaker -- NA ########"
                            }
                        }
                    },
                    {
                        "id": "data_cpu_lt_40",
                        "name": "data_cpu_lt_40",
                        "description": "Mapper Activity",
                        "activity": {
                            "ref": "#mapper",
                            "input": {
                                "input": {
                                    "mapping": {
                                        "appId": "=$flow.appId",
                                        "instanceCount": "=$flow.instanceCount",
                                        "metrics": {
                                            "@foreach($flow.metrics,metrics, $loop.CPU.cpu < string.tostring($property[\"TCI-AutoScale-Usecase.scaleDown_threshold_cpu\"]))": {
                                                "=": "$loop"
                                            }
                                        }
                                    }
                                }
                            },
                            "schemas": {
                                "input": {
                                    "input": {
                                        "type": "json",
                                        "value": "{\"$schema\":\"http://json-schema.org/draft-04/schema#\",\"type\":\"object\",\"properties\":{\"appId\":{\"type\":\"string\"},\"instanceCount\":{\"type\":\"string\"},\"metrics\":{\"type\":\"array\",\"items\":{\"type\":\"object\",\"properties\":{\"CPU\":{\"type\":\"object\",\"properties\":{\"cpu\":{\"type\":\"string\"},\"epochTime\":{\"type\":\"number\"}}}}}}}}",
                                        "fe_metadata": "    {\n      \"appId\": \"l4q6xwb63wrjoshj2iv7wvhhttno3tne\",\n      \"instanceCount\": \"1\",\n      \"metrics\": [\n        {\n          \"CPU\": {\n            \"cpu\": \"0\",\n            \"epochTime\": 1626096510.611\n          }\n        }\n      ]\n    }"
                                    }
                                },
                                "output": {
                                    "output": {
                                        "type": "json",
                                        "value": "{\"$schema\":\"http://json-schema.org/draft-04/schema#\",\"type\":\"object\",\"properties\":{\"appId\":{\"type\":\"string\"},\"instanceCount\":{\"type\":\"string\"},\"metrics\":{\"type\":\"array\",\"items\":{\"type\":\"object\",\"properties\":{\"CPU\":{\"type\":\"object\",\"properties\":{\"cpu\":{\"type\":\"string\"},\"epochTime\":{\"type\":\"number\"}}}}}}}}",
                                        "fe_metadata": "{\n  \"appId\": \"l4q6xwb63wrjoshj2iv7wvhhttno3tne\",\n  \"instanceCount\": \"1\",\n  \"metrics\": [\n    {\n      \"CPU\": {\n        \"cpu\": \"0\",\n        \"epochTime\": 1626096510.611\n      }\n    }\n  ]\n}"
                                    }
                                }
                            }
                        }
                    },
                    {
                        "id": "ScaleDown",
                        "name": "ScaleDown",
                        "description": "Simple Log Message Activity",
                        "activity": {
                            "ref": "#log",
                            "input": {
                                "Log Level": "INFO",
                                "flowInfo": false,
                                "message": "######### Scaling down the app instance #########"
                            }
                        }
                    },
                    {
                        "id": "scaleApp_down",
                        "name": "scaleApp_down",
                        "description": "Simple SubFlow Activity",
                        "activity": {
                            "ref": "#subflow",
                            "settings": {
                                "flowURI": "res://flow:flow_scaleApp"
                            },
                            "input": {
                                "subscriptionLocator": "0",
                                "appId": "=$activity[data_cpu_lt_40].output.appId",
                                "instanceCount": "=coerce.toInt($activity[data_cpu_lt_40].output.instanceCount) - 1"
                            },
                            "schemas": {
                                "input": {
                                    "input": {
                                        "type": "json",
                                        "value": "{\"$schema\":\"http://json-schema.org/draft-04/schema#\",\"type\":\"object\",\"properties\":{\"subscriptionLocator\":{\"type\":\"string\"},\"appId\":{\"type\":\"string\"},\"instanceCount\":{\"type\":\"string\"}}}",
                                        "fe_metadata": "{\"$schema\":\"http://json-schema.org/draft-04/schema#\",\"type\":\"object\",\"properties\":{\"subscriptionLocator\":{\"type\":\"string\"},\"appId\":{\"type\":\"string\"},\"instanceCount\":{\"type\":\"string\"}}}"
                                    }
                                },
                                "output": {
                                    "output": {
                                        "type": "json",
                                        "value": "{\"$schema\":\"http://json-schema.org/draft-04/schema#\",\"type\":\"object\",\"properties\":{\"appId\":{\"type\":\"string\"},\"appInstance\":{\"type\":\"string\"}}}",
                                        "fe_metadata": "{\"$schema\":\"http://json-schema.org/draft-04/schema#\",\"type\":\"object\",\"properties\":{\"appId\":{\"type\":\"string\"},\"appInstance\":{\"type\":\"string\"}}}"
                                    }
                                }
                            }
                        }
                    },
                    {
                        "id": "Return1",
                        "name": "Return1",
                        "description": "Simple Return Activity",
                        "activity": {
                            "ref": "#actreturn",
                            "settings": {
                                "mappings": {
                                    "appId": "=$activity[scaleApp_down].appId",
                                    "appInstanceCount": "=$activity[scaleApp_down].appInstance",
                                    "Scale": "Down"
                                }
                            }
                        }
                    },
                    {
                        "id": "errorReturn",
                        "name": "errorReturn",
                        "description": "Simple Return Activity",
                        "activity": {
                            "ref": "#actreturn",
                            "settings": {
                                "mappings": {
                                    "appId": "=$flow.appId",
                                    "Scale": "NA",
                                    "appInstanceCount": "=$activity[data_cpu_lt_40].output.instanceCount"
                                }
                            }
                        }
                    },
                    {
                        "id": "SD_NA",
                        "name": "SD_NA",
                        "description": "Simple Log Message Activity",
                        "activity": {
                            "ref": "#log",
                            "input": {
                                "Log Level": "INFO",
                                "flowInfo": false,
                                "message": "########## ScaleDown_DecisionMaker -- NA ########"
                            }
                        }
                    },
                    {
                        "id": "Return2",
                        "name": "Return2",
                        "description": "Simple Return Activity",
                        "activity": {
                            "ref": "#actreturn",
                            "settings": {
                                "mappings": {
                                    "appId": "=$flow.appId",
                                    "appInstanceCount": "=$flow.instanceCount",
                                    "Scale": "NA"
                                }
                            }
                        }
                    }
                ],
                "metadata": {
                    "input": [
                        {
                            "name": "appId",
                            "type": "string"
                        },
                        {
                            "name": "instanceCount",
                            "type": "string"
                        },
                        {
                            "name": "metrics",
                            "type": "array",
                            "schema": {
                                "type": "json",
                                "value": "{\"type\":\"object\",\"properties\":{\"CPU\":{\"type\":\"object\",\"properties\":{\"cpu\":{\"type\":\"string\"},\"epochTime\":{\"type\":\"number\"}}}}}"
                            }
                        }
                    ],
                    "output": [
                        {
                            "name": "appId",
                            "type": "string"
                        },
                        {
                            "name": "appInstanceCount",
                            "type": "string"
                        },
                        {
                            "name": "Scale",
                            "type": "string"
                        }
                    ],
                    "fe_metadata": {
                        "input": "{\"$schema\":\"http://json-schema.org/draft-04/schema#\",\"type\":\"object\",\"properties\":{\"appId\":{\"type\":\"string\"},\"instanceCount\":{\"type\":\"string\"},\"metrics\":{\"type\":\"array\",\"items\":{\"type\":\"object\",\"properties\":{\"CPU\":{\"type\":\"object\",\"properties\":{\"cpu\":{\"type\":\"string\"},\"epochTime\":{\"type\":\"number\"}}}}}}}}",
                        "output": "{\"$schema\":\"http://json-schema.org/draft-04/schema#\",\"type\":\"object\",\"properties\":{\"appId\":{\"type\":\"string\"},\"appInstanceCount\":{\"type\":\"string\"},\"Scale\":{\"type\":\"string\"}}}"
                    }
                }
            }
        }
    ],
    "properties": [
        {
            "name": "TCI-Gobal.Platform-API.get-app-instance-metrics",
            "type": "string",
            "value": "https://api.cloud.tibco.com/tci/v1/subscriptions/{subscriptionLocator}/apps/{appId}/monitoring/metrics/resource"
        },
        {
            "name": "TCI-AutoScale-Usecase.scaleUp_threshold_cpu",
            "type": "float64",
            "value": 70
        },
        {
            "name": "TCI-AutoScale-Usecase.scaleDown_threshold_cpu",
            "type": "string",
            "value": "40"
        },
        {
            "name": "TCI-Gobal.Platform-API.scale-app",
            "type": "string",
            "value": "https://api.cloud.tibco.com/tci/v1/subscriptions/{subscriptionLocator}/apps/{appId}/scale"
        },
        {
            "name": "TCI-Gobal.Platform_API_credentials.Oauth_Token",
            "type": "string",
            "value": "CIC~kQl4qmY9oP91jZW05_z64wGN"
        },
        {
            "name": "TCI-Gobal.Platform_API_credentials.subscriptionLocator",
            "type": "string",
            "value": "0"
        }
    ],
    "schemas": {
        "appListWithStatus": {
            "type": "json",
            "value": "{\n    \"$schema\": \"http://json-schema.org/draft-04/schema#\",\n    \"type\": \"object\",\n    \"properties\": {\n        \"appList\": {\n            \"type\": \"array\",\n            \"items\": {\n                \"type\": \"object\",\n                \"properties\": {\n                    \"appStatus\": {\n                        \"type\": \"string\"\n                    },\n                    \"appId\": {\n                        \"type\": \"string\"\n                    },\n                    \"appName\": {\n                        \"type\": \"string\"\n                    },\n                    \"instanceStatus\": {\n                        \"type\": \"object\",\n                        \"properties\": {\n                            \"running\": {\n                                \"type\": \"number\"\n                            },\n                            \"starting\": {\n                                \"type\": \"number\"\n                            },\n                            \"failed\": {\n                                \"type\": \"number\"\n                            },\n                            \"desired\": {\n                                \"type\": \"number\"\n                            },\n                            \"vpn\": {\n                                \"type\": \"number\"\n                            }\n                        }\n                    }\n                }\n            }\n        }\n    }\n}",
            "fe_metadata": "{\n    \"$schema\": \"http://json-schema.org/draft-04/schema#\",\n    \"type\": \"object\",\n    \"properties\": {\n        \"appList\": {\n            \"type\": \"array\",\n            \"items\": {\n                \"type\": \"object\",\n                \"properties\": {\n                    \"appStatus\": {\n                        \"type\": \"string\"\n                    },\n                    \"appId\": {\n                        \"type\": \"string\"\n                    },\n                    \"appName\": {\n                        \"type\": \"string\"\n                    },\n                    \"instanceStatus\": {\n                        \"type\": \"object\",\n                        \"properties\": {\n                            \"running\": {\n                                \"type\": \"number\"\n                            },\n                            \"starting\": {\n                                \"type\": \"number\"\n                            },\n                            \"failed\": {\n                                \"type\": \"number\"\n                            },\n                            \"desired\": {\n                                \"type\": \"number\"\n                            },\n                            \"vpn\": {\n                                \"type\": \"number\"\n                            }\n                        }\n                    }\n                }\n            }\n        }\n    }\n}"
        },
        "appInstanceMetrics": {
            "type": "json",
            "value": "{\n    \"$schema\": \"http://json-schema.org/draft-04/schema#\",\n    \"type\": \"array\",\n    \"items\": {\n        \"type\": \"object\",\n        \"properties\": {\n            \"instanceId\": {\n                \"type\": \"string\"\n            },\n            \"instanceMetrics\": {\n                \"type\": \"object\",\n                \"properties\": {\n                    \"tci_app_instances_cpu\": {\n                        \"type\": \"array\",\n                        \"items\": {\n                            \"type\": \"object\",\n                            \"properties\": {\n                                \"labels\": {\n                                    \"type\": \"object\",\n                                    \"properties\": {\n                                        \"app_type\": {\n                                            \"type\": \"string\"\n                                        },\n                                        \"status\": {\n                                            \"type\": \"string\"\n                                        }\n                                    }\n                                },\n                                \"value\": {\n                                    \"type\": \"number\"\n                                }\n                            }\n                        }\n                    },\n                    \"tci_app_instances_cpu_range\": {\n                        \"type\": \"array\",\n                        \"items\": {\n                            \"type\": \"object\",\n                            \"properties\": {\n                                \"values\": {\n                                    \"type\": \"array\",\n                                    \"items\": {\n                                        \"type\": \"array\"\n                                    }\n                                }\n                            }\n                        }\n                    },\n                    \"tci_app_instances_failure_exes_range\": {\n                        \"type\": \"array\",\n                        \"items\": {\n                            \"type\": \"object\",\n                            \"properties\": {\n                                \"values\": {\n                                    \"type\": \"array\",\n                                    \"items\": {\n                                        \"type\": \"array\"\n                                    }\n                                }\n                            }\n                        }\n                    },\n                    \"tci_app_instances_memory\": {\n                        \"type\": \"array\",\n                        \"items\": {\n                            \"type\": \"object\",\n                            \"properties\": {\n                                \"labels\": {\n                                    \"type\": \"object\",\n                                    \"properties\": {\n                                        \"app_type\": {\n                                            \"type\": \"string\"\n                                        },\n                                        \"status\": {\n                                            \"type\": \"string\"\n                                        }\n                                    }\n                                },\n                                \"value\": {\n                                    \"type\": \"number\"\n                                }\n                            }\n                        }\n                    },\n                    \"tci_app_instances_memory_range\": {\n                        \"type\": \"array\",\n                        \"items\": {\n                            \"type\": \"object\",\n                            \"properties\": {\n                                \"values\": {\n                                    \"type\": \"array\",\n                                    \"items\": {\n                                        \"type\": \"array\"\n                                    }\n                                }\n                            }\n                        }\n                    },\n                    \"tci_app_instances_success_exes_range\": {\n                        \"type\": \"array\",\n                        \"items\": {\n                            \"type\": \"object\",\n                            \"properties\": {\n                                \"values\": {\n                                    \"type\": \"array\",\n                                    \"items\": {\n                                        \"type\": \"array\"\n                                    }\n                                }\n                            }\n                        }\n                    }\n                }\n            }\n        }\n    }\n}",
            "fe_metadata": "{\n    \"$schema\": \"http://json-schema.org/draft-04/schema#\",\n    \"type\": \"array\",\n    \"items\": {\n        \"type\": \"object\",\n        \"properties\": {\n            \"instanceId\": {\n                \"type\": \"string\"\n            },\n            \"instanceMetrics\": {\n                \"type\": \"object\",\n                \"properties\": {\n                    \"tci_app_instances_cpu\": {\n                        \"type\": \"array\",\n                        \"items\": {\n                            \"type\": \"object\",\n                            \"properties\": {\n                                \"labels\": {\n                                    \"type\": \"object\",\n                                    \"properties\": {\n                                        \"app_type\": {\n                                            \"type\": \"string\"\n                                        },\n                                        \"status\": {\n                                            \"type\": \"string\"\n                                        }\n                                    }\n                                },\n                                \"value\": {\n                                    \"type\": \"number\"\n                                }\n                            }\n                        }\n                    },\n                    \"tci_app_instances_cpu_range\": {\n                        \"type\": \"array\",\n                        \"items\": {\n                            \"type\": \"object\",\n                            \"properties\": {\n                                \"values\": {\n                                    \"type\": \"array\",\n                                    \"items\": {\n                                        \"type\": \"array\"\n                                    }\n                                }\n                            }\n                        }\n                    },\n                    \"tci_app_instances_failure_exes_range\": {\n                        \"type\": \"array\",\n                        \"items\": {\n                            \"type\": \"object\",\n                            \"properties\": {\n                                \"values\": {\n                                    \"type\": \"array\",\n                                    \"items\": {\n                                        \"type\": \"array\"\n                                    }\n                                }\n                            }\n                        }\n                    },\n                    \"tci_app_instances_memory\": {\n                        \"type\": \"array\",\n                        \"items\": {\n                            \"type\": \"object\",\n                            \"properties\": {\n                                \"labels\": {\n                                    \"type\": \"object\",\n                                    \"properties\": {\n                                        \"app_type\": {\n                                            \"type\": \"string\"\n                                        },\n                                        \"status\": {\n                                            \"type\": \"string\"\n                                        }\n                                    }\n                                },\n                                \"value\": {\n                                    \"type\": \"number\"\n                                }\n                            }\n                        }\n                    },\n                    \"tci_app_instances_memory_range\": {\n                        \"type\": \"array\",\n                        \"items\": {\n                            \"type\": \"object\",\n                            \"properties\": {\n                                \"values\": {\n                                    \"type\": \"array\",\n                                    \"items\": {\n                                        \"type\": \"array\"\n                                    }\n                                }\n                            }\n                        }\n                    },\n                    \"tci_app_instances_success_exes_range\": {\n                        \"type\": \"array\",\n                        \"items\": {\n                            \"type\": \"object\",\n                            \"properties\": {\n                                \"values\": {\n                                    \"type\": \"array\",\n                                    \"items\": {\n                                        \"type\": \"array\"\n                                    }\n                                }\n                            }\n                        }\n                    }\n                }\n            }\n        }\n    }\n}"
        }
    },
    "connections": {},
    "contrib": "W3sicmVmIjoiZ2l0LnRpYmNvLmNvbS9naXQvcHJvZHVjdC9pcGFhcy93aS1jb250cmliLmdpdC9jb250cmlidXRpb25zL0dlbmVyYWwiLCJzM2xvY2F0aW9uIjoiVGliY28vR2VuZXJhbCJ9XQ==",
    "fe_metadata": "UEsDBAoAAAAIAOtKBFOrqSRGFQAAABMAAAAIAAAAYXBwLmpzb26rViopykxPTy1yy8kvL1ayio6tBQBQSwECFAAKAAAACADrSgRTq6kkRhUAAAATAAAACAAAAAAAAAAAAAAAAAAAAAAAYXBwLmpzb25QSwUGAAAAAAEAAQA2AAAAOwAAAAAA"
}