{
  "name": "arraymerge",
  "type": "flogo:function",
  "version": "0.0.1",
  "title": "math",
  "description": "math function",
  "functions": [
    {
      "name": "merge",
      "description": "Merging two object array with mapping condition",
      "example": "arraymerge.merge(array1,array2, fieldInArray1, operator, fieldInArray2)\nReturns\n merged array",
      "args": [
        {
          "name": "array1",
          "type": "array",
          "valueType": "any"
        },
        {
          "name": "array2",
          "type": "array",
          "valueType": "any"
        },
        {
          "name": "fieldInArray1",
          "type": "string"
        },
        {
          "name": "operator",
          "type": "string"
        },
        {
          "name": "fieldInArray2",
          "type": "string"
        }
      ],
      "return": {
        "type": "array",
        "valueType": "any"
      },
      "display": {
        "visible": true
      }
    },
    {
      "name": "unmatching",
      "description": "retruns unmatching condition item in array1",
      "example": "arraymerge.unmatching(array1,array2, fieldInArray1, operator, fieldInArray2)\nReturns\n unmatching array1",
      "args": [
        {
          "name": "array1",
          "type": "array",
          "valueType": "any"
        },
        {
          "name": "array2",
          "type": "array",
          "valueType": "any"
        },
        {
          "name": "fieldInArray1",
          "type": "string"
        },
        {
          "name": "operator",
          "type": "string"
        },
        {
          "name": "fieldInArray2",
          "type": "string"
        }
      ],
      "return": {
        "type": "array",
        "valueType": "any"
      },
      "display": {
        "visible": true
      }
    }

  ]
}