
{
    "name": "trigger1",
    "version": "1.0.0",
    "type": "flogo:trigger",
    "title": "trigger1",
    "display": {
        "description": "Simple Trigger",
        "uploadField": "swagger",
        "category": "Template",
        "visible": true,
        "smallIcon": "icons/ic-tibco-wi-rest.svg",
        "largeIcon": "icons/ic-tibco-wi-rest@2x.png",
        "wizard": [
            "Step 1"
        ]
    },
    "ref": "github.com/tibco/Template/trigger/trigger1",
    "handler": {
        "settings": [
            {
                "name": "handleField1",
                "type": "string",
                "description": "The handleField1"
            },
            {
                "name": "handleField2",
                "type": "string",
                "description": "The handleField1",
                "display": {
                    "description": "handleField1 field",
                    "name": "Field 2",
                    "appPropertySupport": true
                },
                "wizard": {
                    "step":"Step 1"
                }
            }
        ]
    },
    "settings": [
        {
            "name": "settingField1",
            "type": "string",
            "description": "The field1"
        }
    ],
    "outputs": [
        {
            "name": "outputField1",
            "type": "string",
            "description": "The outputField1"
        },
        {
            "name": "outputField2",
            "type": "object",
            "description": "The outputField2"
        }
    ]
}
